,liczba przecięć,SortedSet,Lista
5000,2087196,114.63785862922668,64.30658769607544
