,liczba przecięć,SortedSet,Lista
900000,29104,74.18982577323914,85.49609756469727
