,liczba przecięć,SortedSet,Lista
250,5128,0.17310357093811035,0.10623812675476074
500,22128,0.5351579189300537,0.21390628814697266
1000,80083,2.234729051589966,0.8001606464385986
1500,183612,4.994016170501709,2.1031458377838135
2000,333890,9.453729391098022,4.047602653503418
3000,731639,21.39531922340393,9.335526943206787
4000,1347277,37.906153202056885,17.60456156730652
5000,2148696,63.18220901489258,29.81455421447754
